USE smartmart;

INSERT INTO categories(id,name) VALUES (1,'TVs');
INSERT INTO categories(id,name) VALUES (2,'Refrigerators');
INSERT INTO categories(id,name) VALUES (3,'Laptops');
INSERT INTO categories(id,name) VALUES (4,'Microwaves');
INSERT INTO categories(id,name) VALUES (5,'Smartphones');

INSERT INTO products(id,name,description,price,category_id,brand) VALUES (1,'Samsung 65" QLED TV','65-inch 4K Smart TV with HDR and quantum dot technology',129999,1,'Samsung');
INSERT INTO products(id,name,description,price,category_id,brand) VALUES (2,'LG OLED55C1','55-inch OLED 4K Smart TV with AI ThinQ and G-Sync compatibility',149999,1,'LG');
INSERT INTO products(id,name,description,price,category_id,brand) VALUES (3,'Sony Bravia XR','65-inch 8K LED Smart TV with cognitive processor XR',189999,1,'Sony');
INSERT INTO products(id,name,description,price,category_id,brand) VALUES (4,'LG French Door Refrigerator','26.2 cu. ft. smart refrigerator with ice maker and door-in-door',219999,2,'LG');
INSERT INTO products(id,name,description,price,category_id,brand) VALUES (5,'Samsung Family Hub','27 cu. ft. smart refrigerator with touchscreen and cameras',279999,2,'Samsung');
INSERT INTO products(id,name,description,price,category_id,brand) VALUES (6,'Whirlpool Side-by-Side','25 cu. ft. fingerprint resistant stainless steel refrigerator',149999,2,'Whirlpool');
INSERT INTO products(id,name,description,price,category_id,brand) VALUES (7,'Dell XPS 15','15.6-inch touchscreen laptop with Intel i9 and 32GB RAM',199999,3,'Dell');
INSERT INTO products(id,name,description,price,category_id,brand) VALUES (8,'MacBook Pro 16','16-inch laptop with M1 Pro chip and 16GB unified memory',249999,3,'Apple');
INSERT INTO products(id,name,description,price,category_id,brand) VALUES (9,'Lenovo ThinkPad X1','14-inch business laptop with Intel i7 and 16GB RAM',169999,3,'Lenovo');
INSERT INTO products(id,name,description,price,category_id,brand) VALUES (10,'Panasonic Countertop Microwave','1.3 cu. ft. 1100W microwave with inverter technology',17999,4,'Panasonic');
INSERT INTO products(id,name,description,price,category_id,brand) VALUES (11,'GE Profile Smart Microwave','1.7 cu. ft. convection microwave with scan-to-cook technology',34999,4,'GE');
INSERT INTO products(id,name,description,price,category_id,brand) VALUES (12,'Samsung Countertop Microwave','1.1 cu. ft. microwave with sensor cooking',15999,4,'Samsung');
INSERT INTO products(id,name,description,price,category_id,brand) VALUES (13,'iPhone 13 Pro Max','6.7-inch Super Retina XDR display with ProMotion and A15 Bionic chip',109999,5,'Apple');
INSERT INTO products(id,name,description,price,category_id,brand) VALUES (14,'Samsung Galaxy S22 Ultra','6.8-inch Dynamic AMOLED 2X with S Pen and 108MP camera',119999,5,'Samsung');
INSERT INTO products(id,name,description,price,category_id,brand) VALUES (15,'Google Pixel 6 Pro','6.7-inch LTPO OLED with Google Tensor processor and 50MP camera',89999,5,'Google');

INSERT INTO sales(id,product_id,quantity,total_price,date) VALUES (1,1,12,1559988,'2025-01-15');
INSERT INTO sales(id,product_id,quantity,total_price,date) VALUES (2,1,8,1039992,'2025-03-22');
INSERT INTO sales(id,product_id,quantity,total_price,date) VALUES (3,1,15,1949985,'2025-07-05');
INSERT INTO sales(id,product_id,quantity,total_price,date) VALUES (4,1,10,1299990,'2025-10-18');
INSERT INTO sales(id,product_id,quantity,total_price,date) VALUES (5,2,6,899994,'2025-02-12');
INSERT INTO sales(id,product_id,quantity,total_price,date) VALUES (6,2,11,1649989,'2025-05-30');
INSERT INTO sales(id,product_id,quantity,total_price,date) VALUES (7,2,9,1349991,'2025-09-14');
INSERT INTO sales(id,product_id,quantity,total_price,date) VALUES (8,2,7,1049993,'2025-12-01');
INSERT INTO sales(id,product_id,quantity,total_price,date) VALUES (9,3,5,949995,'2025-01-28');
INSERT INTO sales(id,product_id,quantity,total_price,date) VALUES (10,3,8,1519992,'2025-04-10');
INSERT INTO sales(id,product_id,quantity,total_price,date) VALUES (11,3,3,569997,'2025-08-23');
INSERT INTO sales(id,product_id,quantity,total_price,date) VALUES (12,3,6,1139994,'2025-11-15');
INSERT INTO sales(id,product_id,quantity,total_price,date) VALUES (13,4,4,879996,'2025-02-05');
INSERT INTO sales(id,product_id,quantity,total_price,date) VALUES (14,4,7,1539993,'2025-06-18');
INSERT INTO sales(id,product_id,quantity,total_price,date) VALUES (15,4,3,659997,'2025-09-27');
INSERT INTO sales(id,product_id,quantity,total_price,date) VALUES (16,4,5,1099995,'2025-12-10');
INSERT INTO sales(id,product_id,quantity,total_price,date) VALUES (17,5,3,839997,'2025-03-08');
INSERT INTO sales(id,product_id,quantity,total_price,date) VALUES (18,5,6,1679994,'2025-05-22');
INSERT INTO sales(id,product_id,quantity,total_price,date) VALUES (19,5,2,559998,'2025-08-15');
INSERT INTO sales(id,product_id,quantity,total_price,date) VALUES (20,5,4,1119996,'2025-11-30');
INSERT INTO sales(id,product_id,quantity,total_price,date) VALUES (21,6,8,1199992,'2025-01-20');
INSERT INTO sales(id,product_id,quantity,total_price,date) VALUES (22,6,5,749995,'2025-04-15');
INSERT INTO sales(id,product_id,quantity,total_price,date) VALUES (23,6,10,1499990,'2025-07-27');
INSERT INTO sales(id,product_id,quantity,total_price,date) VALUES (24,6,6,899994,'2025-10-05');
INSERT INTO sales(id,product_id,quantity,total_price,date) VALUES (25,7,15,2999985,'2025-02-18');
INSERT INTO sales(id,product_id,quantity,total_price,date) VALUES (26,7,8,1599992,'2025-05-12');
INSERT INTO sales(id,product_id,quantity,total_price,date) VALUES (27,7,12,2399988,'2025-09-03');
INSERT INTO sales(id,product_id,quantity,total_price,date) VALUES (28,7,10,1999990,'2025-12-15');
INSERT INTO sales(id,product_id,quantity,total_price,date) VALUES (29,8,6,1499994,'2025-03-01');
INSERT INTO sales(id,product_id,quantity,total_price,date) VALUES (30,8,9,2249991,'2025-06-25');
INSERT INTO sales(id,product_id,quantity,total_price,date) VALUES (31,8,4,999996,'2025-10-12');
INSERT INTO sales(id,product_id,quantity,total_price,date) VALUES (32,8,7,1749993,'2025-12-28');
INSERT INTO sales(id,product_id,quantity,total_price,date) VALUES (33,9,10,1699990,'2025-01-10');
INSERT INTO sales(id,product_id,quantity,total_price,date) VALUES (34,9,12,2039988,'2025-04-22');
INSERT INTO sales(id,product_id,quantity,total_price,date) VALUES (35,9,8,1359992,'2025-08-09');
INSERT INTO sales(id,product_id,quantity,total_price,date) VALUES (36,9,5,849995,'2025-11-05');
INSERT INTO sales(id,product_id,quantity,total_price,date) VALUES (37,10,20,359980,'2025-02-28');
INSERT INTO sales(id,product_id,quantity,total_price,date) VALUES (38,10,15,269985,'2025-05-17');
INSERT INTO sales(id,product_id,quantity,total_price,date) VALUES (39,10,25,449975,'2025-09-20');
INSERT INTO sales(id,product_id,quantity,total_price,date) VALUES (40,10,18,323982,'2025-12-03');
INSERT INTO sales(id,product_id,quantity,total_price,date) VALUES (41,11,8,279992,'2025-01-25');
INSERT INTO sales(id,product_id,quantity,total_price,date) VALUES (42,11,12,419988,'2025-04-30');
INSERT INTO sales(id,product_id,quantity,total_price,date) VALUES (43,11,6,209994,'2025-07-15');
INSERT INTO sales(id,product_id,quantity,total_price,date) VALUES (44,11,10,349990,'2025-10-28');
INSERT INTO sales(id,product_id,quantity,total_price,date) VALUES (45,12,15,239985,'2025-03-15');
INSERT INTO sales(id,product_id,quantity,total_price,date) VALUES (46,12,22,351978,'2025-06-10');
INSERT INTO sales(id,product_id,quantity,total_price,date) VALUES (47,12,13,207987,'2025-09-08');
INSERT INTO sales(id,product_id,quantity,total_price,date) VALUES (48,12,18,287982,'2025-11-22');
INSERT INTO sales(id,product_id,quantity,total_price,date) VALUES (49,13,25,2749975,'2025-02-08');
INSERT INTO sales(id,product_id,quantity,total_price,date) VALUES (50,13,30,3299970,'2025-05-25');
INSERT INTO sales(id,product_id,quantity,total_price,date) VALUES (51,13,18,1979982,'2025-08-30');
INSERT INTO sales(id,product_id,quantity,total_price,date) VALUES (52,13,22,2419978,'2025-12-20');
INSERT INTO sales(id,product_id,quantity,total_price,date) VALUES (53,14,12,1439988,'2025-01-05');
INSERT INTO sales(id,product_id,quantity,total_price,date) VALUES (54,14,15,1799985,'2025-04-18');
INSERT INTO sales(id,product_id,quantity,total_price,date) VALUES (55,14,10,1199990,'2025-07-22');
INSERT INTO sales(id,product_id,quantity,total_price,date) VALUES (56,14,8,959992,'2025-10-15');
INSERT INTO sales(id,product_id,quantity,total_price,date) VALUES (57,15,20,1799980,'2025-03-10');
INSERT INTO sales(id,product_id,quantity,total_price,date) VALUES (58,15,15,1349985,'2025-06-22');
INSERT INTO sales(id,product_id,quantity,total_price,date) VALUES (59,15,25,2249975,'2025-09-15');
INSERT INTO sales(id,product_id,quantity,total_price,date) VALUES (60,15,18,1619982,'2025-12-05');


